date,note
2026-01-01,元旦
2026-02-14,春節連假
2026-02-15,春節連假
2026-02-16,春節連假
2026-02-17,除夕
2026-02-18,春節初一
2026-02-19,春節初二
2026-02-20,春節初三
2026-02-21,春節連假
2026-02-22,春節連假
2026-02-27,和平紀念日連假
2026-02-28,和平紀念日
2026-03-01,和平紀念日連假
2026-04-03,兒童節+清明連假
2026-04-04,兒童節
2026-04-05,清明節
2026-04-06,兒童+清明連假
2026-05-01,勞動節
2026-05-02,勞動節連假
2026-05-03,勞動節連假
2026-06-10,端午連假
2026-06-11,端午連假
2026-06-12,端午節
2026-09-25,中秋+教師節連假
2026-09-26,中秋連假
2026-09-27,中秋節
2026-09-28,教師節
2026-10-09,國慶連假
2026-10-10,國慶日
2026-10-11,國慶連假
2026-10-24,光復節連假
2026-10-25,台灣光復節
2026-10-26,光復節連假
2026-12-25,行憲紀念日
2026-12-26,行憲紀念日連假
2026-12-27,行憲紀念日連假
